"9134882","3833","pilot"
"7317529","7846","pilot"
"1466944","8400","pilot"
"5262113","8456","pilot"
"6401161","8810","pilot"
"9732676","6454","pilot"
"5635079","5910","pilot"
"3407646","1183","pilot"
"5940791","3502","pilot"
"4930217","4692","pilot"
"6563070","8969","pilot"
"2929209","4964","pilot"
"5585917","3142","pilot"
"4003418","4661","pilot"
"5794602","8294","pilot"
"7464594","8708","pilot"
"4916432","1872","pilot"
"1949842","2178","pilot"
"7863002","7956","pilot"
"3157882","6462","pilot"
"9549465","9095","flight attendant"
"1308856","2424","flight attendant"
"2770418","4951","flight attendant"
"6362886","5535","flight attendant"
"1014734","9532","flight attendant"
"9710816","2746","flight attendant"
"7673326","7112","flight attendant"
"1985862","8603","flight attendant"
"1047072","9966","flight attendant"
"1041744","6821","flight attendant"
"9539929","2487","flight attendant"
"2167616","3241","flight attendant"
"3867073","3076","flight attendant"
"9529335","3696","flight attendant"
"4520143","8587","flight attendant"
"4611402","5043","flight attendant"
"4291966","3147","flight attendant"
"1437109","8645","flight attendant"
"4397281","5120","flight attendant"
"1863056","9305","flight attendant"
"5414681","4772","flight attendant"
"3463739","6801","flight attendant"
"1034438","8607","flight attendant"
"4368470","2625","flight attendant"
"7049695","4573","flight attendant"
"3962325","3548","flight attendant"
"8094414","4019","flight attendant"
"5717189","1813","flight attendant"
"8988036","9727","flight attendant"
"8127105","6684","flight attendant"
"9134882","4935","flight attendant"
"7317529","8433","flight attendant"
"1466944","6424","flight attendant"
"5262113","7749","flight attendant"
"6401161","8887","flight attendant"
"9732676","6993","flight attendant"
"5635079","4349","flight attendant"
"3407646","2963","flight attendant"
"5940791","6456","flight attendant"
"4930217","3180","flight attendant"
"6563070","3538","flight attendant"
"2929209","7950","flight attendant"
"5585917","6934","flight attendant"
"4003418","1944","flight attendant"
"5794602","7013","flight attendant"
"7464594","9161","flight attendant"
"4916432","2084","flight attendant"
"1949842","2406","flight attendant"
"7863002","4215","flight attendant"
"3157882","2133","flight attendant"
